{
  "totalIterations": 100,
  "variables": {
    "TEMPERATURE": {
      "variableName": "TEMPERATURE",
      "stats": {
        "count": 100,
        "mean": 91.70172084130019,
        "std": 0,
        "min": 91.70172084130019,
        "max": 91.70172084130019,
        "p5": 91.70172084130019,
        "p25": 91.70172084130019,
        "p50": 91.70172084130019,
        "p75": 91.70172084130019,
        "p95": 91.70172084130019,
        "variance": 0,
        "sum": 9170.17208413002
      },
      "histogram": []
    }
  },
  "timestamp": 1773066920374
}