{
  "totalIterations": 100,
  "variables": {
    "TEMPERATURE": {
      "variableName": "TEMPERATURE",
      "stats": {
        "count": 100,
        "mean": 55.85086042065009,
        "std": 0,
        "min": 55.85086042065009,
        "max": 55.85086042065009,
        "p5": 55.85086042065009,
        "p25": 55.85086042065009,
        "p50": 55.85086042065009,
        "p75": 55.85086042065009,
        "p95": 55.85086042065009,
        "variance": 0,
        "sum": 5585.08604206501
      },
      "histogram": []
    }
  },
  "timestamp": 1773008423642
}